epoch;dice_coeff;loss;my_bce_loss;my_dice_loss;val_dice_coeff;val_loss;val_my_bce_loss;val_my_dice_loss
0;0.25827857110015584;1.601914308377816;0.6452186907722742;1.0218582506991025;0.311148834725221;1.3631354252497354;0.5365559806426367;0.9011812031269073
1;0.3726086794588081;1.2089289105284757;0.4503117940732552;0.8193889992365698;0.45953503201405205;1.0829893211523691;0.4828194613258044;0.6922402968009312
2;0.5911578681953715;0.7710574380589719;0.3501520115433887;0.4804330013104989;0.6840398818254471;0.6647055387496948;0.2708103542526563;0.48568061242500943
3;0.73440093741872;0.5239076079545674;0.24654396127182912;0.32265526111937165;0.7336050570011139;0.4985781783858935;0.2461344172557195;0.3114683518807093
4;0.7795735859771982;0.4440575013269527;0.206665884904347;0.28060642713333067;0.7284336149692535;0.532528908054034;0.2761778704822063;0.3124022309978803
5;0.7488703636212962;0.49786711901549974;0.23094533581704024;0.3091849862787239;0.7331165830294292;0.4842016259829203;0.23829065610965092;0.2989835202693939
6;0.7952868879088723;0.4182069158158362;0.19454229249004507;0.26570792428190776;0.7550163586934407;0.48520974069833755;0.23462969002624354;0.3082583546638489
7;0.786291665308703;0.41974890207353965;0.19381554492776323;0.26897913384487027;0.7731301943461101;0.4240408500035604;0.19729130441943804;0.28378620197375615
8;0.8242696266451317;0.3641817634036432;0.16803289758219264;0.23386399342806014;0.7954538245995839;0.3983898195127646;0.20393928500513236;0.24287478749950728
9;0.8113406860729471;0.3748255963147428;0.17291626142515681;0.2411320031431206;0.8086390137672425;0.40153845796982446;0.19018675064047177;0.26872459004322685
10;0.8219309696518039;0.366690190748555;0.16867856403109444;0.2367778575024664;0.8055137515068054;0.41387452483177184;0.19180739298462868;0.28269034971793494
11;0.8606958483264654;0.2982478020596801;0.13770001304347484;0.19609599464661848;0.853825185696284;0.3225623622536659;0.1529901367922624;0.21698740472396214
12;0.8409214593562843;0.327103417073048;0.15413287057854327;0.21003317421773657;0.8400418599446614;0.3306549039979776;0.16917876129349071;0.2045952988167604
13;0.8081326064232474;0.3933635334256279;0.18599291886222313;0.2451802565101766;0.8245786110560099;0.3660167415936788;0.18551055441300074;0.22528057396411896
14;0.8358750350742419;0.3364944827754468;0.1560928924898018;0.21830867669889045;0.8284231026967367;0.33883590598901114;0.16086836432417234;0.22524031450351079
15;0.8628500000075185;0.283393433108864;0.1288151587688082;0.18747171895632606;0.8560944497585297;0.3105828627943993;0.1449119987587134;0.20948338285088539
16;0.869868615850868;0.28351632935377574;0.13005387820148864;0.18644653093765384;0.8359114607175191;0.3101338711877664;0.14817784478267035;0.20216353212793667
17;0.8644456680384909;0.2785116892879929;0.1273265082188167;0.18543916211088662;0.8481986204783122;0.2987532300253709;0.13960732966661454;0.20105245759089788
18;0.8704889468632299;0.26842425374074597;0.12270969483243974;0.17876703882613124;0.860375851392746;0.2979107066988945;0.14841984783609707;0.18975370799501737
19;0.8796075620070225;0.25512590973066684;0.11654472161679208;0.17101080102079055;0.8628921429316203;0.2777032874524593;0.1242204229036967;0.1950038234392802
20;0.8883002776327964;0.23647523229300235;0.10451139752362773;0.1636782510522985;0.8612600465615591;0.2921645055214564;0.13948099687695503;0.19455701087911922
21;0.8896983537931166;0.23598541987140148;0.10557368366797436;0.16084166498723365;0.89143634835879;0.2280040055513382;0.1111935862650474;0.15208963702122372
22;0.8911635356325331;0.23865650229434254;0.10710940199336076;0.16194000660878494;0.8801480829715729;0.26119529232382777;0.12619989725450675;0.17213994537790617
23;0.8879670673880834;0.24016202188626365;0.1085691145346867;0.16281441929924043;0.8687934100627899;0.2671030849218369;0.12529213453332583;0.1791312965253989
24;0.8920065921371904;0.22886218458290417;0.1006860631320981;0.15823341306314428;0.8671736816565195;0.27579857086141907;0.13301932625472546;0.1809019222855568
25;0.8897777667184094;0.2348038263588031;0.10548537833562036;0.16047463012681462;0.8735075612862905;0.2740532865126928;0.1318042617291212;0.1826190029581388
26;0.894579409811012;0.2323737339854735;0.10272218930028781;0.15850698026631382;0.8684405505657196;0.2791498792668184;0.13524379258354505;0.18303807352979978
27;0.8959679343888374;0.22918493742764737;0.10286071256606906;0.15635198700972117;0.8731225033601125;0.27216328407327334;0.13301230433086556;0.1773447498679161
28;0.8851655353154384;0.23949561045501241;0.10486363038358847;0.16516444182865847;0.8657981912295024;0.27159443895022073;0.12193327248096467;0.18855143661300341
29;0.886193729535178;0.2437686399552832;0.1095844076258513;0.16635691303435202;0.8977241714795431;0.23564761951565744;0.11390290210644403;0.1582899590333303
30;0.8973360229824588;0.2293795876483205;0.10320386160706088;0.1561079087099099;0.8638330638408661;0.2952472639580568;0.1402516819536686;0.19443404550353685
31;0.8885314306282899;0.23909487702045204;0.10694144714113588;0.16232334998633358;0.8797536412874858;0.26218838344017664;0.12423014814654985;0.17608091309666635
32;0.8903423357306675;0.23460749335803432;0.105919103999912;0.15863402333126028;0.8782633662223815;0.26416341265042625;0.12676673233509064;0.17486491277813912
33;0.8935224826899801;0.22983091834669786;0.10205874497774231;0.1583174678238101;0.8848276356856029;0.2464075600107511;0.11628084369003773;0.16705516129732131
34;0.8893124535370664;0.23409567927918493;0.10498936613441998;0.15964712320027016;0.8707129756609598;0.25976909001668297;0.12615600315233072;0.17143146966894468
35;0.8931380784857818;0.2313901581704864;0.1027146159860603;0.15838402120156903;0.8694062968095143;0.2725153403977553;0.13125459365546704;0.17859753568967182
36;0.8917342778063414;0.23115409876672063;0.10342917355604439;0.15775119279862934;0.861897756656011;0.28876592094699544;0.13948357986907164;0.18920074701309203
37;0.8952036242762047;0.22886814677863695;0.10160496634628269;0.1572520164656936;0.8630160510540008;0.266388268272082;0.11977289319038391;0.18493227834502857
38;0.8912794061568605;0.2356235915873231;0.10588324855731315;0.15914912240094498;0.8762158175309499;0.26413904428482055;0.13330193646252156;0.16881603449583055
39;0.8912862932533644;0.23177242297601897;0.10370547013720537;0.1584915678901791;0.8730195323626201;0.2528595002988974;0.11744389397402605;0.17273271704713503
40;0.8917500891131485;0.23006363305808103;0.10327213143164686;0.15717323266618974;0.8865378737449646;0.2361806757748127;0.1104678962379694;0.16091296523809434
41;0.8919528735129171;0.2363401062755664;0.10527281759932823;0.16089500060219983;0.8808234393596649;0.2751155247290929;0.134083350126942;0.180185383806626
42;0.8924741557030262;0.23084730395266623;0.10234083998871048;0.15884577761176216;0.8782620370388031;0.2600209482014179;0.12515927677353222;0.17242263456185658
43;0.8947813679073856;0.22941882933076488;0.10070688535625509;0.15875040229672713;0.882778282960256;0.24839486355582874;0.11709102330108484;0.16925002733866373
44;0.8888650519224618;0.24268667664208848;0.10882453229355614;0.16464255782640327;0.867681739727656;0.2726148277521133;0.134758281459411;0.17541182513038317
45;0.8926469038136272;0.2272982502132036;0.10159409308952909;0.1564744594371665;0.8783509254455566;0.2512692036728064;0.11920547336339951;0.17076142529646557
46;0.9007196686079888;0.22219959655737975;0.09853285254284554;0.15361908733597435;0.881614210208257;0.2647412784397602;0.12402851817508538;0.17766359820961952
47;0.8806539318868234;0.24889704659272033;0.11449079258807962;0.16626039889343547;0.8518233935038249;0.3001788501938184;0.14626170086363952;0.19452523092428844
48;0.894266148078491;0.2292580611972888;0.09914165945468602;0.15946808735612023;0.8852393627166748;0.24129919360081356;0.11568036675453186;0.16254827106992403
49;0.892319531608914;0.22924206489349302;0.10236568433615181;0.15724951016457744;0.8805950105190277;0.25968931143482527;0.12226084557672341;0.17585353354612987
50;0.8955184127285273;0.22958641174670572;0.10030253311905128;0.16007861618679095;0.8653236428896586;0.2765291062494119;0.13162965948383012;0.18391981249054273
51;0.8941153814683811;0.22816052983410626;0.1002633453528416;0.15817903959157556;0.8837290008862814;0.25844359397888184;0.12402905821800232;0.1723587820927302
52;0.8909451820543692;0.2368465755984991;0.10619085809192717;0.1605502739857836;0.8710803727308909;0.2819667580227057;0.13754676344494024;0.18309058050314586
53;0.8944251787118397;0.22525713113580997;0.09992351072272325;0.15523643371227866;0.8779030700524648;0.26861973777413367;0.12643256237109501;0.180059102922678
54;0.8932968499254884;0.23502244772505462;0.10564331430555379;0.16025400226665235;0.8646790047486623;0.27239167715112367;0.13006759844720364;0.18037473758061726
55;0.8893575425959227;0.23390719962317913;0.10362701040704221;0.1605375183444795;0.875939530134201;0.25908365920186044;0.11478924105564753;0.18215649276971818
56;0.8927676788998837;0.23478932252068738;0.10461768133882665;0.16021799756778227;0.9011638780434926;0.22067894041538239;0.10172882527112961;0.15475226392348607
57;0.8912355842209664;0.23545143083364023;0.10588009545908254;0.1603418506619309;0.87194637854894;0.2734470705191294;0.1308944072574377;0.17993711829185485
58;0.8855572985910282;0.25442523926620164;0.11747418455315824;0.16849895971691956;0.8807026326656342;0.23626189380884172;0.11108643623689811;0.16150546173254648
59;0.8927316366389579;0.23107230143922988;0.10117131953912158;0.15968955552429578;0.8751339554786682;0.2657538821299871;0.12576105520129205;0.17759473621845245
60;0.8936081187359031;0.23136303997386046;0.1038929992258796;0.15751020492854453;0.8711963633696238;0.2602703439692656;0.12178174505631129;0.1778412697215875
61;0.8935065195273562;0.2304875744328954;0.10371682392549218;0.1575571379906409;0.8624572654565176;0.2853521058956782;0.1366709160308043;0.18754046286145845
62;0.8889008218816702;0.24092934073501604;0.10717201276191538;0.16345221762587916;0.8823659876982372;0.2599357657134533;0.1217436708509922;0.17645894214510918
63;0.8889362957962321;0.23692895979060177;0.10861368737032799;0.16038193909211773;0.8636607885360718;0.2889684801300367;0.13537643464903037;0.19323131069540977
64;0.8978955622035932;0.22209642073178193;0.09779059670525468;0.15436476917311365;0.887347541252772;0.24132232318321864;0.11536850668489933;0.1637117825448513
65;0.8867110587749244;0.24045493531029255;0.10867005908142977;0.16248114437977804;0.8578024884064992;0.2698084498445193;0.128841782361269;0.1789287284016609
66;0.8942167862816965;0.22797673742800828;0.10269154543327592;0.15557157362645097;0.8758535464604695;0.26241376747687656;0.12372586615383625;0.17502742434541385
67;0.8921897134345597;0.23453476208868856;0.10469720453889537;0.16057947141995568;0.8773809194564819;0.269803594549497;0.13154058605432511;0.17771233196059863
68;0.8876925469434113;0.238533621630728;0.1077734292542786;0.16122512865610636;0.891464501619339;0.2208391326169173;0.09671772407988707;0.1577072910964489
69;0.8927660121957296;0.22929525857644456;0.10159355995566023;0.15736023234628543;0.8722110589345297;0.26478956192731856;0.12614164650440216;0.1768688882390658
70;0.8931337372396002;0.2322753589924935;0.10358407385492721;0.15952061030132642;0.8703803141911824;0.2683892580370108;0.12660594371457895;0.18046718314290047
71;0.8935431852874914;0.23163077284686298;0.1008749962842316;0.1607452180870341;0.8763967653115591;0.2677494836350282;0.1262059472501278;0.17958241452773413
72;0.8930141403961973;0.22578316840393414;0.10150453670885554;0.1545757852896615;0.8637477656205496;0.26779087632894516;0.12613931819796562;0.1792832426726818
73;0.8918888964593658;0.2382023993616777;0.10532189138944713;0.16181104379818154;0.8868320147196452;0.2666697745521863;0.1259594572087129;0.1804152657588323
74;0.8892575383680985;0.2341941492438811;0.10440678081448147;0.16116330732448467;0.8572753210862477;0.26591218734780947;0.12116426390906175;0.18325028369824092
75;0.8963163700341189;0.22457380982355457;0.09953126629729489;0.1547324081179512;0.8699245889981587;0.26004324182868005;0.12515894571940103;0.17131120165189107
76;0.8920316614550674;0.2314331439397147;0.10482229021884099;0.15736188056310677;0.8689982672532399;0.27514713009198505;0.12498629031081994;0.18804719944794973
77;0.8910833769986609;0.23317229860470073;0.10401518943429995;0.15941039065853888;0.8731399198373159;0.27417732899387676;0.1313661710669597;0.1825449697673321
78;0.8914762915912011;0.23438445939315306;0.10518994081873617;0.15977352066158754;0.8685763259728749;0.2641319605211417;0.12855437273780504;0.17338698357343674
79;0.8931650328932956;0.233143493594965;0.10374236490221933;0.1605688008282689;0.8785395522912344;0.27751216689745584;0.13602705808977286;0.1805121255417665
80;0.8944443855048215;0.22822393495512205;0.10054813640740898;0.1564039668354256;0.8745820701122284;0.2634648765126864;0.12256518825888633;0.1787213109433651
81;0.8879301496066493;0.23981746919916874;0.10755764482797923;0.1632938519182047;0.864031591018041;0.27711781337857244;0.13245117676754792;0.1829878677924474
82;0.893253318501706;0.226297106732966;0.10095332794787973;0.15653043571102174;0.889766667286555;0.24587035129467646;0.11562836269537607;0.1679065244893233
83;0.8948909808491275;0.23132950682734058;0.103660429167055;0.1582819688678777;0.8708910365899404;0.2703194064398607;0.13467446317275364;0.17400164976716043
84;0.8863533141702042;0.24255432503846672;0.10991757496016649;0.16341580765870597;0.8802106499671936;0.26660147284468017;0.12628976379831633;0.17860917722185451
85;0.8922909263258653;0.23274549594558622;0.10446560481771888;0.15915094829199225;0.8630430082480113;0.2670576569934686;0.12446299095948538;0.1804123190542062
86;0.8903798285361643;0.23491089602476334;0.10495512301867434;0.16046021959099038;0.8827225029468536;0.2637451834976673;0.1277983086804549;0.17525131379564604
87;0.8939587278484804;0.23055466181015077;0.10185179822301468;0.15863161849406746;0.8776451786359151;0.26576373154918354;0.12534975496431192;0.1778441588083903
88;0.8946961307921351;0.2277915319466492;0.10193111756777862;0.15598085986380755;0.8672756433486939;0.264437352369229;0.12069678604602814;0.18123199741045634
89;0.8881644465616629;0.24001728338324677;0.10802320819116232;0.16275911914238791;0.8805498818556468;0.25916478261351583;0.12117015396555265;0.1753842793405056
90;0.8922521877585605;0.22984630605244538;0.10125120015065205;0.15887988460756436;0.8705565770467122;0.26418001875281333;0.1262372518579165;0.17599548747142155
91;0.892392693960815;0.2250613065676076;0.0999977603492895;0.15544346148047705;0.8654859105745951;0.2796926441291968;0.13261440818508466;0.1853063404560089
92;0.8905798258623147;0.24113418069123232;0.10812630335881503;0.1627600750735192;0.8800652960936228;0.2435586834947268;0.1114862331499656;0.16883486558993657
93;0.890175510491573;0.23410717901847175;0.10425314999714927;0.16052498813734015;0.8883403321107228;0.26073631942272185;0.12492818584044775;0.17355147004127502
94;0.8919324691859518;0.23070288835966735;0.1024934379577142;0.15851977402614856;0.8809131880601248;0.23289160256584485;0.10695731354256471;0.16265261694788932
95;0.8926665614749386;0.23189386589398522;0.10187217506630292;0.1595813866967482;0.8756904403368632;0.2680233863492807;0.13035047215720016;0.17602264806628226
96;0.8929863724888873;0.23131232414425923;0.10318015309191551;0.15882599898496597;0.8676797529061635;0.28085263073444366;0.1349959467848142;0.18480492184559505
97;0.8918007184361026;0.2334877553075181;0.10445925636657541;0.1595417342739976;0.8778911968072255;0.24912426397204399;0.11565061422685782;0.17037454669674237
98;0.8916180752125024;0.23437159857809298;0.1038728605538483;0.1605282761620288;0.8835447271664937;0.2511568762362003;0.11735393578807513;0.17183784594138463
99;0.8876622633320662;0.2374277712769528;0.10649234093571106;0.1620730993287692;0.8765592853228251;0.24945914422472318;0.11511272452771663;0.17019929264982542
100;0.8948559498885855;0.23177298207871647;0.10307956338547078;0.1596043611030361;0.8839456677436829;0.2753857572873433;0.12515077516436576;0.19077688679099084
101;0.891010543370148;0.23420032166346474;0.10452865459859619;0.15968649676726568;0.8695573925971984;0.26732369139790535;0.13413495297233263;0.17022406806548437
102;0.8902029021646967;0.2345546618784117;0.10483878090421193;0.16114803221215845;0.8806319733460745;0.24223520383238792;0.11403311056395372;0.16516216546297074
103;0.8940612859251094;0.22960472168764137;0.10216045917564408;0.1570087059157518;0.8541198670864105;0.30568665862083433;0.14560446354250114;0.19883142386873562
104;0.8909245689874863;0.2329783182421166;0.10611139998396403;0.15788615751563267;0.8706247349580128;0.2689684107899666;0.12534012037018935;0.18205771421392758
105;0.8882874349340858;0.24415288488399933;0.10847258322033644;0.16606584596312393;0.879264251391093;0.24944774682323137;0.12100853025913239;0.1649890067676703
106;0.8976002639754679;0.22394168760271982;0.09807225514620665;0.15592028961142068;0.8748241623242696;0.25297349418203036;0.11861030558745066;0.17045887658993403
107;0.8824735944201837;0.24557741598469587;0.11186086420448983;0.16509310449802034;0.8587412595748901;0.28169145037730536;0.13632167590161165;0.18507536475857098
108;0.8977455153010199;0.22417251982134903;0.09994595091310775;0.15340358396041442;0.8722247739632925;0.26680316726366676;0.1259074312945207;0.17940310661991438
109;0.8933138533251909;0.2327438954001146;0.09973468759804346;0.1624932071480019;0.86717502673467;0.27703541442751883;0.13680054657161236;0.1775790974497795
110;0.8888608610481642;0.23764754955452014;0.10712310746002988;0.16072426572503884;0.874352769056956;0.2647128527363141;0.12315231623748939;0.1786555844048659
111;0.8927158263214396;0.2347750609346445;0.10445637230015518;0.16053339709137485;0.8877288738886515;0.2412790874640147;0.11703254692256451;0.1609029879172643
112;0.8872531219636751;0.23585072221597694;0.10474127011675063;0.1620389068522394;0.8818579514821371;0.27380673935016;0.12556459245582421;0.18781809036930402
113;0.8926291606732919;0.23387970617697942;0.10332283291084637;0.16054401185008005;0.871836378177007;0.26337012052536013;0.12538111607233685;0.17483040293057758
114;0.8930644128332494;0.23094518006589898;0.10366238990636287;0.15751158696487236;0.8703946352005005;0.27155437245965003;0.12846642583608628;0.18154782752195994
115;0.892609648844775;0.23396907546440093;0.10433000914689873;0.15936460815557912;0.8725788513819377;0.2574649063249429;0.11888883337378502;0.17733885099490485
116;0.8849203690453684;0.26477754536506054;0.12521927571890265;0.16882439569813582;0.8784376422564188;0.2538799079755942;0.1227137510975202;0.1682133210202058
117;0.8909462264959248;0.2363059025767928;0.10513241692249087;0.1617140023354673;0.8725957830746969;0.26904153103629747;0.1292599038531383;0.1783288026849429
118;0.8946950349075665;0.22659888542044707;0.10225820697503961;0.15530663598869845;0.8812654495239258;0.271379608909289;0.1321939864506324;0.1779848317305247
119;0.8938196180272399;0.22888174529392194;0.10137245896817243;0.15802880002502584;0.878674731651942;0.2563259405394395;0.12321019731462002;0.1718466746310393
120;0.8900154477827776;0.23702587391330987;0.10619070053224247;0.16050282194901305;0.8852433741092682;0.2312823879222075;0.10412702647348245;0.16355102111895878
121;0.8928534000246356;0.226094911207302;0.10040798851315906;0.15647474902052108;0.8525306324164073;0.29624994869033494;0.1446448028087616;0.1906969534854094
122;0.8910264150235663;0.23885266761067497;0.10807076943613186;0.16173708537802162;0.8826961835225423;0.27481373225649197;0.13172957971692084;0.18201070800423622
123;0.8851545156284981;0.23267858651663753;0.10235318816672717;0.16053050651342543;0.8645722409089406;0.2743943763275941;0.12814380452036858;0.18524546896417934
124;0.8934613686379556;0.2345319522614301;0.10336222379039432;0.16160196742947172;0.8800514896710714;0.2569066472351551;0.1184525590389967;0.17602728679776192
125;0.8920932444299405;0.2321864511214846;0.10344329637115922;0.1581842477638197;0.8903681993484497;0.2367059198518594;0.11744508271416028;0.15573595787088076
126;0.8950249649182395;0.22733399247232808;0.10141381213279185;0.15558509658481076;0.8705276767412822;0.2692020910481612;0.12784667586286863;0.17996348117788633
127;0.8878443273271268;0.24102763157662516;0.10804917712800235;0.1642891974864659;0.875728440284729;0.25422752847274144;0.11966580053170522;0.1720632051428159
128;0.8933891614443039;0.23447960132879836;0.10561134925892739;0.1590106450484996;0.867788416147232;0.28598742286364237;0.1338235103835662;0.19146445815761884
129;0.8935630900236581;0.2286819234428564;0.09999451198889507;0.15814811022202505;0.8669101695219675;0.27010619938373565;0.13043585196137428;0.1766448885202408
130;0.8850533267274437;0.24696622127319273;0.11133131823846414;0.1668546819958944;0.8727033774058024;0.26002765049537024;0.12396791242063046;0.17318945129712424
131;0.9010246378752206;0.21660894402824496;0.09453287668124274;0.15191042491261889;0.8766987442970275;0.27704414948821066;0.12908721243341764;0.18619611188769342
132;0.8878523882988577;0.23827475791650193;0.10730247929135793;0.16059296358670436;0.8705891013145447;0.2570045215388139;0.11638926789164543;0.17725023676951726
133;0.8926089022664113;0.23206492284645183;0.10170559915887864;0.1595917583686682;0.8590830544630687;0.28133868699272474;0.133236733575662;0.1873960979282856
134;0.8902394516834085;0.23572150392156418;0.10602824420849812;0.16014595175185145;0.8595162232716879;0.2816040933132172;0.13629875890910625;0.18434284254908562
135;0.8910204660491783;0.23447278912077432;0.10535809605875436;0.15913418649124497;0.8651765028635661;0.2757441411415736;0.13464842115839323;0.1792577495177587
136;0.8932346439460501;0.2312848738614949;0.10208456576859802;0.1589274784836037;0.8800663848718008;0.2591899923980236;0.12369431753953299;0.17245476792256037
137;0.8929596696651823;0.22912300956199771;0.10187562533434001;0.15729912843447008;0.8816165963808695;0.2586959034204483;0.12496951520442963;0.1713935911655426
138;0.8927439438851542;0.2318330663121093;0.10244071896330945;0.15904024478310866;0.8767587939898173;0.256603733698527;0.12295344124237696;0.17264523183306058
139;0.8899452955890987;0.23275338688332015;0.10600576132412273;0.1569881816375305;0.8843484143416087;0.25497758959730465;0.11719586439430714;0.17532235756516457
140;0.8920933554775982;0.2357254224323138;0.10593451768221697;0.1606630162022915;0.8702515502770741;0.2564667602380117;0.12429868752757708;0.16888381664951643
141;0.8939235650652178;0.22946464607329783;0.1000625623459638;0.15888706721458198;0.8825002670288086;0.2641167486707369;0.12810600784917672;0.17321137860417365
142;0.8909163484929509;0.23411368860001386;0.10394903062166515;0.16007534331058565;0.8626153151194255;0.28813212911287944;0.1398234523832798;0.18749945263067883
143;0.889291552834491;0.23970754333304173;0.1081107855461445;0.16187066751767987;0.8693244457244873;0.27059635197122894;0.13024778788288435;0.17849907154838243
144;0.8971111865953786;0.22161873600047655;0.09692101545353649;0.15434157733971648;0.8766091068585714;0.25904249772429466;0.11962331769367059;0.17750373259186744
145;0.8860006171638045;0.24197556109349264;0.10951745003090854;0.16243260950468388;0.8673378229141235;0.27010203450918197;0.1354598807791869;0.17310570528109867
146;0.8931221393134089;0.22989260049776417;0.10150295182196926;0.15913807059719354;0.8884241978327433;0.23258637264370918;0.10443501944343249;0.1631569519639015
147;0.8900652067789893;0.2381468160518472;0.10653147073578538;0.16150190443171505;0.8713784555594126;0.27037156696120895;0.12390799323717754;0.1846029728651047
148;0.8895211746583835;0.23540412359465207;0.1052490347277574;0.16067186872865155;0.8511088112990062;0.3048108192781607;0.14414962008595467;0.20115819598237675
149;0.8973163072004358;0.22239867112448602;0.09789728512407833;0.15502450865581321;0.8854247311751048;0.25445189798871676;0.11927577927708626;0.17338239947954814
150;0.8923751778622386;0.23722007215270363;0.10592038595577494;0.16153041628881115;0.8764283219973247;0.2556138130525748;0.12136424990991751;0.17106362680594125
151;0.8878341205881839;0.2379086837481661;0.10830319073066672;0.16040102444991036;0.892940201361974;0.2274834709862868;0.10268469564616681;0.16115789512793224
152;0.8911431377359446;0.2319676425941752;0.10199968776514916;0.1601565484560377;0.8715625365575155;0.2729059599339962;0.13164302247265974;0.17993853266040485
153;0.8928014000421738;0.23331532710815367;0.10397471533895034;0.1593148032535656;0.878649131457011;0.25681291619936625;0.11574248895049095;0.17872191617886227
154;0.8932333986799256;0.22969837474221944;0.10036502044428797;0.1588706231417776;0.876946500937144;0.2661731424431006;0.12773808948695659;0.17691773002346356
155;0.8921381432980423;0.2296309448871375;0.10247486415493043;0.15786213270114172;0.8796210527420044;0.24775557294487954;0.1199930210908254;0.1643664541343848
156;0.8870699873109081;0.24005574532069607;0.10813801887124407;0.16243792612770286;0.8724478999773662;0.2808842467765013;0.13319545661409696;0.1883058617512385
157;0.8941988039808154;0.23048698463133263;0.10428829634894474;0.15667763785207914;0.8739376167456309;0.2580060268441836;0.12494003859659036;0.17000491147240002
158;0.8866674346053254;0.23713786572341602;0.10626899118678204;0.16111290077698182;0.8761753956476848;0.25934272184967994;0.12369689457118511;0.17391915967067081
159;0.8976551628211722;0.22541938357333424;0.09927953659127857;0.15588176547244376;0.8687838435173034;0.2771729556222757;0.1327139110614856;0.18319414456685384
160;0.888166213431299;0.2372579982666554;0.1044711521614142;0.16325036495058368;0.8838705003261567;0.24297588790456454;0.11253771620492141;0.16779573013385138
161;0.8957399750646219;0.22905148213335091;0.10184667420214143;0.15719354727703505;0.8666987041632335;0.2705253645777702;0.12676852556566398;0.18219421456257504
162;0.887279227808798;0.23480785956521252;0.10552590946315235;0.16085076709258606;0.8746471881866456;0.25816522613167764;0.1210658601174752;0.17390268966555594
163;0.8978920964779201;0.22155485237287784;0.09622295052431432;0.15489040005998492;0.8774565478165944;0.28103667000929516;0.1405098253240188;0.18040739024678867
164;0.8903535639102034;0.23426786188762713;0.10471265169471132;0.1591166101426999;0.8627188404401144;0.26010017171502114;0.1258380929629008;0.17002549345294635
165;0.890637928272184;0.23817062279000817;0.10665624860782347;0.16211024384280953;0.8750211735566457;0.2604358926415443;0.1222460982700189;0.1771684336165587
166;0.894907789111632;0.22737002533501113;0.1004766809031429;0.15732226394024132;0.8682735641797383;0.28735356479883195;0.1423413421958685;0.18382396896680195
167;0.8903668312610927;0.23166831388018438;0.10433630040881545;0.15758032252803383;0.8683005690574646;0.2652620422343413;0.12137819540997347;0.1826624537507693
168;0.8910657291095782;0.2368827666855452;0.10623414844614588;0.16229544103887567;0.8825781921545665;0.24578709825873374;0.11490185136596362;0.16836871032913525
169;0.8930463066239575;0.22994582126249416;0.10328390396729545;0.15714425083512587;0.8726951201756795;0.260561224569877;0.12294831946492195;0.17629624505837757
170;0.8914969185081261;0.23691359174696736;0.10592465918835763;0.16167420643493843;0.8725672384103139;0.2659545543293158;0.13019316730399927;0.17348132108648617
171;0.8921614224979987;0.2280147449109564;0.09912141174448971;0.15808691548114;0.8819901963075002;0.25236731792489686;0.123189460982879;0.16705433602134387
172;0.8925430324562358;0.23073099992581916;0.10279374427444213;0.158283864685114;0.8710957745711009;0.2770213770369689;0.13191626320282618;0.1833129880328973
173;0.8920803307986059;0.23521065862238907;0.10413313347126256;0.16101331745876984;0.8743060568968455;0.2632456973195076;0.12061507018903891;0.18214940776427588
174;0.8862155690727392;0.25132351588164126;0.11562108548350354;0.16584408505823603;0.8525757590929667;0.2905626341700554;0.13926606165866057;0.18956308191021284
175;0.8904992767389385;0.2372450753118982;0.10709766165596815;0.1605967738321708;0.8758254011472066;0.2497157665590445;0.11931175502638022;0.16665495758255322
176;0.8919342214635794;0.23201634379343372;0.10241890510088181;0.16034937696338195;0.8740710000197093;0.2657095874349276;0.1268813534329335;0.17681127687295278
177;0.889577423883177;0.23844039112453144;0.10689979117688302;0.16190745696981912;0.8797319014867147;0.26703549499313034;0.12486008368432522;0.18117390796542168
178;0.8959576245165465;0.22537960650020616;0.10070924077538534;0.15486333281172757;0.8799479504426321;0.25369026213884355;0.11429721489548683;0.17709453503290812
179;0.8934588231981048;0.23286228574410514;0.1030122469724214;0.1592708557411348;0.8764893114566803;0.26459048862258594;0.12389249963064988;0.17939637030164401
180;0.8902361222322551;0.23511963860127935;0.1063591926300674;0.15994074779922043;0.8780810038248698;0.2559652497371038;0.12154914848506451;0.1706529177725315
181;0.889235981272464;0.23630305565120768;0.10419029982845565;0.16195373513824712;0.8601470212141673;0.28669950713713965;0.13694946641723316;0.18935695414741835
182;0.8902970478247805;0.2306580547227899;0.10282483632015489;0.15833199104580148;0.8824654718240103;0.24153019562363626;0.11159276825686296;0.16691614190737405
183;0.8967994322915295;0.22864745402731837;0.10207616321402467;0.15676590386020692;0.8838600436846415;0.23360625381271044;0.10919096730649472;0.15956740230321884
184;0.8955321809068261;0.2298363349497071;0.10193278445742437;0.1569728300408209;0.8591667811075846;0.3043478767077128;0.14428241041799386;0.20226481879750888
185;0.8882235127860579;0.23859367640186643;0.10603343327510406;0.16270876388332162;0.8750184178352356;0.2610867825647195;0.12611165419220924;0.1723107213775317
186;0.894284085614058;0.2263968574555583;0.09868884660087186;0.1582161972136913;0.8664701124032338;0.2763220613201459;0.13587712769707044;0.1780960276722908
187;0.8896065203480701;0.23640090765052812;0.10745279232805201;0.15977131321840762;0.8753169178962708;0.2590459647277991;0.12583228225509327;0.17144505232572554
188;0.8865938020939649;0.24088077154396975;0.10962476732819902;0.16234805858481474;0.8969737271467845;0.23072183653712272;0.1085580142835776;0.15828514024615287
189;0.8922765658109515;0.2336128660752071;0.10372288280873873;0.16080738771011227;0.8745957612991333;0.2615406207740307;0.1264126582692067;0.17396708106001219
190;0.8879353997618331;0.236924794452319;0.10738487183058411;0.16021679582932183;0.87450719277064;0.24624055524667104;0.1131563118348519;0.1690130760272344
191;0.8935717195890751;0.23109298462195021;0.10347127388869083;0.15860070495313627;0.8606004595756531;0.2845118527611097;0.13915400070448716;0.18456817244489987
192;0.892340394223874;0.2333014851041849;0.10446542125829028;0.15895611125032932;0.8852995117505391;0.24975384896000227;0.12013444664577642;0.16675145278374354
193;0.8927110586346698;0.23274087154564738;0.10472721268399422;0.15852153839684335;0.8721563259760539;0.2635193953911463;0.12632710325221222;0.1760435737669468
194;0.8930997902921621;0.23176658808937706;0.10232589502057594;0.15958700474367102;0.8621198693911235;0.2853962597747644;0.1358534092704455;0.18782582903901737
195;0.8900049388161339;0.23508051643727726;0.10548132188092624;0.15988319741245127;0.8839950601259867;0.25502328798174856;0.11839849489430586;0.17380130862196286
196;0.887345279400774;0.23983014582103712;0.10656755278466648;0.16307790639242195;0.880399743715922;0.2587678268551826;0.11952850110828876;0.17629076316952705
197;0.8933543434281567;0.2259339241318683;0.099565585681017;0.15663817803147423;0.8692601005236308;0.2671012120942275;0.12421671027938525;0.1815267098446687
198;0.8889828314425045;0.23711878877457743;0.10588413102869176;0.1616204467551837;0.8737546443939209;0.26897705569863317;0.1326396383345127;0.17548947781324387
199;0.8939068629039274;0.23196209985685545;0.10345499996575082;0.15892009944094662;0.8710274835427602;0.24919447874029477;0.1145209846397241;0.16932601009805998
